,holiday_date
0,2020-01-01
1,2021-01-01
2,2022-01-01
3,2023-01-01
4,2024-01-01
5,2020-01-06
6,2021-01-06
7,2022-01-06
8,2023-01-06
9,2024-01-06
10,2020-05-01
11,2021-05-01
12,2022-05-01
13,2023-05-01
14,2024-05-01
15,2020-06-24
16,2021-06-24
17,2022-06-24
18,2023-06-24
19,2024-06-24
20,2020-08-15
21,2021-08-15
22,2022-08-15
23,2023-08-15
24,2024-08-15
25,2020-09-11
26,2021-09-11
27,2022-09-11
28,2023-09-11
29,2024-09-11
30,2020-09-24
31,2021-09-24
32,2022-09-24
33,2023-09-24
34,2024-09-24
35,2020-10-12
36,2021-10-12
37,2022-10-12
38,2023-10-12
39,2024-10-12
40,2020-12-06
41,2021-12-06
42,2022-12-06
43,2023-12-06
44,2024-12-06
45,2020-12-25
46,2021-12-25
47,2022-12-25
48,2023-12-25
49,2024-12-25
50,2020-12-26
51,2021-12-26
52,2022-12-26
53,2023-12-26
54,2023-12-26
